Name,Image_URL
Img1,https://cdn.shopify.com/s/files/1/1775/2043/products/download_ffb1fa9c-4f44-480e-acf9-777a68937b63.jpg?v=1657802888
Img2,https://cdn.shopify.com/s/files/1/1775/2043/products/Espresso-Style-Coffee-K-Cup-Dunkin_en_general.webp?v=1657802893
Img3,https://cdn.shopify.com/s/files/1/1775/2043/products/8a802586-1a58-4d62-9292-6c81187faa51.6a2cdd2bcf66ef0fedd457ad863340b2.jpg?v=1653322822
Img4,https://cdn.shopify.com/s/files/1/1775/2043/products/download.jpg?v=1653322809
Img5,https://cdn.shopify.com/s/files/1/1775/2043/products/8dcd2e3e-595f-4977-b026-ee6d6faeddcd.0ec70f81e6d18e750fbc4b6afbcf58f4.jpg?v=1653322817
Img6,https://cdn.shopify.com/s/files/1/1775/2043/products/1d4ce2c4-6233-443c-ba01-b0d9274480f1.6c80b5a0c13318d120d1c3b834a1daf4.jpg?v=1653322806
Img7,https://cdn.shopify.com/s/files/1/1775/2043/products/image.jpg?v=1649288714
Img8,https://cdn.shopify.com/s/files/1/1775/2043/products/ScreenShot2022-02-27at4.57.39PM.jpg?v=1646505040
Img9,https://cdn.shopify.com/s/files/1/1775/2043/products/ScreenShot2022-02-27at5.02.28PM.jpg?v=1646505040
Img10,https://cdn.shopify.com/s/files/1/1775/2043/products/ScreenShot2021-07-05at11.30.16PM.jpg?v=1638440537
Img11,https://cdn.shopify.com/s/files/1/1775/2043/products/ScreenShot2021-06-24at8.28.50PM_cad9fb41-3736-49c7-b86c-bfbdf24cac79.jpg?v=1638440355
Img12,https://cdn.shopify.com/s/files/1/1775/2043/products/ScreenShot2021-06-24at8.29.23PM_1.jpg?v=1638440655
Img13,https://cdn.shopify.com/s/files/1/1775/2043/products/ScreenShot2021-06-24at8.29.44PM_f296522e-84d1-4d4b-8c1a-da7163d1bbe5.jpg?v=1638440620
Img14,https://cdn.shopify.com/s/files/1/1775/2043/products/bigelow.jpg?v=1638440557
Img15,https://cdn.shopify.com/s/files/1/1775/2043/products/ScreenShot2021-03-30at12.19.14PM.jpg?v=1638440170
Img16,https://cdn.shopify.com/s/files/1/1775/2043/products/ScreenShot2021-03-30at12.19.58PM.jpg?v=1638440156
Img17,https://cdn.shopify.com/s/files/1/1775/2043/products/ScreenShot2021-03-30at12.10.43PM.jpg?v=1638440173
Img18,https://cdn.shopify.com/s/files/1/1775/2043/products/ScreenShot2021-03-30at12.10.59PM.jpg?v=1638439758
Img19,https://cdn.shopify.com/s/files/1/1775/2043/products/kcup-cleaning-kit_front.jpg?v=1638440191
Img20,https://cdn.shopify.com/s/files/1/1775/2043/products/ScreenShot2021-02-17at8.06.19PM.jpg?v=1638440123
Img21,https://cdn.shopify.com/s/files/1/1775/2043/products/kcup-cleaning-kit_back.jpg?v=1638439750
Img22,https://cdn.shopify.com/s/files/1/1775/2043/products/ScreenShot2022-02-28at3.40.14PM.jpg?v=1646052514
Img23,https://cdn.shopify.com/s/files/1/1775/2043/products/ScreenShot2022-06-07at5.25.16PM.jpg?v=1654614165
Img24,https://cdn.shopify.com/s/files/1/1775/2043/products/LF5A8688.jpg?v=1638440055
Img25,https://cdn.shopify.com/s/files/1/1775/2043/products/LF5A9100.jpg?v=1638439870
Img26,https://cdn.shopify.com/s/files/1/1775/2043/products/LF5A9098.jpg?v=1638439738
Img27,https://cdn.shopify.com/s/files/1/1775/2043/products/LF5A8689.jpg?v=1638439945
Img28,https://cdn.shopify.com/s/files/1/1775/2043/products/LF5A8690.jpg?v=1638440186
Img29,https://cdn.shopify.com/s/files/1/1775/2043/products/51Ru8bykJ5L._AC_SL1001.jpg?v=1638440364
Img30,https://cdn.shopify.com/s/files/1/1775/2043/products/ScreenShot2020-11-12at8.21.17PM.jpg?v=1638439958
Img31,https://cdn.shopify.com/s/files/1/1775/2043/products/ScreenShot2020-11-12at2.03.02PM.jpg?v=1638439835
Img32,https://cdn.shopify.com/s/files/1/1775/2043/products/ScreenShot2020-11-12at8.21.54PM.jpg?v=1638440062
Img33,https://cdn.shopify.com/s/files/1/1775/2043/products/ScreenShot2021-03-30at11.13.50AM.jpg?v=1638440501
Img34,https://cdn.shopify.com/s/files/1/1775/2043/products/81ddwG3dbWL._SL1500.jpg?v=1638440332
Img35,https://cdn.shopify.com/s/files/1/1775/2043/products/ScreenShot2022-02-27at4.47.46PM.jpg?v=1645976935
Img36,https://cdn.shopify.com/s/files/1/1775/2043/products/ScreenShot2022-02-27at4.49.40PM.jpg?v=1645976946
Img37,https://cdn.shopify.com/s/files/1/1775/2043/products/ScreenShot2022-05-24at8.16.50PM.jpg?v=1653409347
Img38,https://cdn.shopify.com/s/files/1/1775/2043/products/232351284_max.jpg?v=1653322813
Img39,https://cdn.shopify.com/s/files/1/1775/2043/products/ScreenShot2020-08-23at4.41.26PM.jpg?v=1653320352
Img40,https://cdn.shopify.com/s/files/1/1775/2043/products/81xpMGyZH9L._SL1500.jpg?v=1638439585
Img41,https://cdn.shopify.com/s/files/1/1775/2043/products/ScreenShot2020-08-23at4.22.07PM.jpg?v=1638440248
Img42,https://cdn.shopify.com/s/files/1/1775/2043/products/ScreenShot2020-08-23at4.13.39PM.jpg?v=1638439982
Img43,https://cdn.shopify.com/s/files/1/1775/2043/products/sp41687440_s7.jpg?v=1638440229
Img44,https://cdn.shopify.com/s/files/1/1775/2043/products/ScreenShot2022-02-27at4.47.22PM.jpg?v=1645976943
Img45,https://cdn.shopify.com/s/files/1/1775/2043/products/LF5A4131.jpg?v=1645970278
Img46,https://cdn.shopify.com/s/files/1/1775/2043/products/ScreenShot2021-03-30at11.51.19AM.jpg?v=1638439654
Img47,https://cdn.shopify.com/s/files/1/1775/2043/products/51etizxEYDL.jpg?v=1638439761
Img48,https://cdn.shopify.com/s/files/1/1775/2043/products/ScreenShot2021-06-03at8.07.02PM.jpg?v=1638439710
Img49,https://cdn.shopify.com/s/files/1/1775/2043/products/81e0d3fcd16876caef426a2fa7e0828916.jpg?v=1638440543
Img50,https://cdn.shopify.com/s/files/1/1775/2043/products/1015391365.jpg?v=1638439715
Img51,https://cdn.shopify.com/s/files/1/1775/2043/products/1015391365_1.jpg?v=1638440085
Img52,https://cdn.shopify.com/s/files/1/1775/2043/products/ScreenShot2020-07-19at1.19.30PM.jpg?v=1638439932
Img53,https://cdn.shopify.com/s/files/1/1775/2043/products/ScreenShot2020-07-19at1.19.41PM.jpg?v=1638440142
Img54,https://cdn.shopify.com/s/files/1/1775/2043/products/700e8dd17545f5e8c0f18bff164edf57.jpg?v=1649721005
Img55,https://cdn.shopify.com/s/files/1/1775/2043/products/a6822a4be120049d9c7ed0dad8729d61.jpg?v=1649721008
Img56,https://cdn.shopify.com/s/files/1/1775/2043/products/71c0tE-PgBL._SX679.jpg?v=1638439724
Img57,https://cdn.shopify.com/s/files/1/1775/2043/products/61vZh81hMSL._SX679.jpg?v=1638439783
Img58,https://cdn.shopify.com/s/files/1/1775/2043/products/ScreenShot2020-07-19at12.13.47PM.jpg?v=1638440088
Img59,https://cdn.shopify.com/s/files/1/1775/2043/products/ScreenShot2020-07-19at12.14.00PM.jpg?v=1638440305
Img60,https://cdn.shopify.com/s/files/1/1775/2043/products/1309194.jpg?v=1638440254
Img61,https://cdn.shopify.com/s/files/1/1775/2043/products/6203571cv13d.jpg?v=1638440396
Img62,https://cdn.shopify.com/s/files/1/1775/2043/products/710JDbBrL-L._SL1500.jpg?v=1638440595
Img63,https://cdn.shopify.com/s/files/1/1775/2043/products/71t_ZT5YKAL._SL1500.jpg?v=1638439625
Img64,https://cdn.shopify.com/s/files/1/1775/2043/products/5376413.jpg?v=1645969301
Img65,https://cdn.shopify.com/s/files/1/1775/2043/products/51dx8DqRBFL_1024x1024_2x_2f1862b2-af1d-4750-bbcb-13e588c69a66.jpg?v=1645968938
Img66,https://cdn.shopify.com/s/files/1/1775/2043/products/ScreenShot2020-07-19at10.43.43AM.jpg?v=1638440361
Img67,https://cdn.shopify.com/s/files/1/1775/2043/products/ScreenShot2020-07-19at10.44.08AM.jpg?v=1638440456
Img68,https://cdn.shopify.com/s/files/1/1775/2043/products/ScreenShot2021-03-30at11.09.29AM.jpg?v=1638439647
Img69,https://cdn.shopify.com/s/files/1/1775/2043/products/71X1-c2aD7L._SX425.jpg?v=1638439721
Img70,https://cdn.shopify.com/s/files/1/1775/2043/products/41oxTz3VEVL.jpg?v=1638440126
Img71,https://cdn.shopify.com/s/files/1/1775/2043/products/ScreenShot2020-06-30at2.17.22PM.jpg?v=1638440575
Img72,https://cdn.shopify.com/s/files/1/1775/2043/products/6400611_sd.jpg?v=1653320059
Img73,https://cdn.shopify.com/s/files/1/1775/2043/products/ScreenShot2020-06-30at2.21.12PM.jpg?v=1653320059
Img74,https://cdn.shopify.com/s/files/1/1775/2043/products/ScreenShot2021-03-30at11.04.09AM.jpg?v=1638440115
Img75,https://cdn.shopify.com/s/files/1/1775/2043/products/41uZt5tEQ7L._SX425.jpg?v=1638439764
Img76,https://cdn.shopify.com/s/files/1/1775/2043/products/6400614_sd.jpg?v=1638439780
Img77,https://cdn.shopify.com/s/files/1/1775/2043/products/ScreenShot2020-07-02at9.41.09AM.jpg?v=1638439911
Img78,https://cdn.shopify.com/s/files/1/1775/2043/products/ScreenShot2021-03-30at10.44.34AM.jpg?v=1638440392
Img79,https://cdn.shopify.com/s/files/1/1775/2043/products/1062614063.jpg?v=1638440349
Img80,https://cdn.shopify.com/s/files/1/1775/2043/products/811E87f-nJL._SL1500__1.jpg?v=1638439823
Img81,https://cdn.shopify.com/s/files/1/1775/2043/products/Tim-Hortons-oroginal-Roast2000.jpg?v=1638440651
Img82,https://cdn.shopify.com/s/files/1/1775/2043/products/1309191.jpg?v=1638439770
Img83,https://cdn.shopify.com/s/files/1/1775/2043/products/605680.jpg?v=1638440403
Img84,https://cdn.shopify.com/s/files/1/1775/2043/products/Reusable-Single-Cup-For-Keurig-Solo-Filter-Pod-K-Cup-Coffee-Stainless-Mesh-Black-Pattern-1.jpg_q50_1.jpg?v=1638439643
Img85,https://cdn.shopify.com/s/files/1/1775/2043/products/LF5A4153.jpg?v=1638440059
Img86,https://cdn.shopify.com/s/files/1/1775/2043/products/LF5A9100_1.jpg?v=1638440284
Img87,https://cdn.shopify.com/s/files/1/1775/2043/products/LF5A8688_1.jpg?v=1638439683
Img88,https://cdn.shopify.com/s/files/1/1775/2043/products/LF5A4053_2.jpg?v=1638440380
Img89,https://cdn.shopify.com/s/files/1/1775/2043/products/LF5A4176_3753b095-a403-4623-8e8e-54d54b0a34f1.jpg?v=1638440431
Img90,https://cdn.shopify.com/s/files/1/1775/2043/products/LF5A8688_1_2ca4c6f6-13fd-4eed-8797-a370395fdc41.jpg?v=1638440550
Img91,https://cdn.shopify.com/s/files/1/1775/2043/products/LF5A4053.jpg?v=1638439662
Img92,https://cdn.shopify.com/s/files/1/1775/2043/products/LF5A4101.jpg?v=1638440461
Img93,https://cdn.shopify.com/s/files/1/1775/2043/products/LF5A4055.jpg?v=1638439731
Img94,https://cdn.shopify.com/s/files/1/1775/2043/products/ScreenShot2022-02-27at4.47.59PM.jpg?v=1656182311
Img95,https://cdn.shopify.com/s/files/1/1775/2043/products/ScreenShot2022-02-27at4.48.58PM.jpg?v=1656182086
Img96,https://cdn.shopify.com/s/files/1/1775/2043/products/ScreenShot2022-02-27at4.49.14PM.jpg?v=1645976953
Img97,https://cdn.shopify.com/s/files/1/1775/2043/products/ScreenShot2022-02-27at4.57.15PM.jpg?v=1656184532
Img98,https://cdn.shopify.com/s/files/1/1775/2043/products/51Pf3yXzAEL.jpg?v=1638440268
Img99,https://cdn.shopify.com/s/files/1/1775/2043/products/maxwell-house-house-blend-k-cup-coffee-96ct_800x800_33ea059a-4778-48b5-8d32-c87fa895efb7.jpg?v=1638440012
Img100,https://cdn.shopify.com/s/files/1/1775/2043/products/ScreenShot2021-03-30at10.58.15AM.jpg?v=1638439637
Img101,https://cdn.shopify.com/s/files/1/1775/2043/products/Screen_Shot_2018-12-31_at_8.15.42_PM.jpg?v=1638440578
Img102,https://cdn.shopify.com/s/files/1/1775/2043/products/61q1v5hgLUL._SL1000.jpg?v=1638439857
Img103,https://cdn.shopify.com/s/files/1/1775/2043/products/Screen_Shot_2018-12-30_at_9.14.21_PM.jpg?v=1638440611
Img104,https://cdn.shopify.com/s/files/1/1775/2043/products/ScreenShot2021-03-30at10.48.50AM.jpg?v=1638440223
Img105,https://cdn.shopify.com/s/files/1/1775/2043/products/starbucks-french-roast-blend-k-cups-96ct_800x800_142342ff-73d8-43c2-b86e-8939eaf883c9.jpg?v=1638440521
Img106,https://cdn.shopify.com/s/files/1/1775/2043/products/Screen_Shot_2018-03-26_at_11.52.48_PM.jpg?v=1638439622
Img107,https://cdn.shopify.com/s/files/1/1775/2043/products/LF5A4048.jpg?v=1638440299
Img108,https://cdn.shopify.com/s/files/1/1775/2043/products/ScreenShot2022-02-28at5.03.41PM.jpg?v=1646063217
Img109,https://cdn.shopify.com/s/files/1/1775/2043/products/ScreenShot2022-02-27at4.49.32PM.jpg?v=1645976921
Img110,https://cdn.shopify.com/s/files/1/1775/2043/products/LF5A4007.jpg?v=1645969939
Img111,https://cdn.shopify.com/s/files/1/1775/2043/products/ScreenShot2022-02-27at4.46.57PM.jpg?v=1656182290
Img112,https://cdn.shopify.com/s/files/1/1775/2043/products/ScreenShot2022-02-27at4.49.51PM.jpg?v=1645976932
Img113,https://cdn.shopify.com/s/files/1/1775/2043/products/LF5A4022.jpg?v=1645969916
Img114,https://cdn.shopify.com/s/files/1/1775/2043/products/ScreenShot2022-02-27at4.48.21PM.jpg?v=1656184803
Img115,https://cdn.shopify.com/s/files/1/1775/2043/products/LF5A4057.jpg?v=1638440324
Img116,https://cdn.shopify.com/s/files/1/1775/2043/products/LF5A4176.jpg?v=1638440482
Img117,https://cdn.shopify.com/s/files/1/1775/2043/products/Reusable-Single-Cup-For-Keurig-Solo-Filter-Pod-K-Cup-Coffee-Stainless-Mesh-Black-Pattern-1.jpg_q50_1_41d88640-2d15-49db-9ad4-2dac5d6b1586.jpg?v=1638440475
Img118,https://cdn.shopify.com/s/files/1/1775/2043/products/LF5A4161.jpg?v=1638440442
Img119,https://cdn.shopify.com/s/files/1/1775/2043/products/00a8de3016b582c7511b3c9202cee110.jpg?v=1638439991
Img120,https://cdn.shopify.com/s/files/1/1775/2043/products/Reusable-Single-Cup-For-Keurig-Solo-Filter-Pod-K-Cup-Coffee-Stainless-Mesh-Black-Pattern-1.jpg_q50_1_6a652ef7-c17f-4816-a31d-8ebe772872dd.jpg?v=1638439650
Img121,https://cdn.shopify.com/s/files/1/1775/2043/products/ScreenShot2021-03-30at10.53.26AM.jpg?v=1638440129
Img122,https://cdn.shopify.com/s/files/1/1775/2043/products/ScreenShot2021-03-30at10.52.15AM.jpg?v=1638440002
Img123,https://cdn.shopify.com/s/files/1/1775/2043/products/6400606cv11d.jpg?v=1638439693
Img124,https://cdn.shopify.com/s/files/1/1775/2043/products/Dunkin_k_cup.jpeg?v=1638440319